iter,acc,nmi,ari,L
0,0.6,0.66404,0.47313,0
140,0.6,0.66404,0.47313,0.03308
